Link Name,Center of Mass X,Center of Mass Y,Center of Mass Z,Center of Mass Roll,Center of Mass Pitch,Center of Mass Yaw,Mass,Moment Ixx,Moment Ixy,Moment Ixz,Moment Iyy,Moment Iyz,Moment Izz,Visual X,Visual Y,Visual Z,Visual Roll,Visual Pitch,Visual Yaw,Mesh Filename,Color Red,Color Green,Color Blue,Color Alpha,Collision X,Collision Y,Collision Z,Collision Roll,Collision Pitch,Collision Yaw,Collision Mesh Filename,Material Name,SW Components,Coordinate System,Axis Name,Joint Name,Joint Type,Joint Origin X,Joint Origin Y,Joint Origin Z,Joint Origin Roll,Joint Origin Pitch,Joint Origin Yaw,Parent,Joint Axis X,Joint Axis Y,Joint Axis Z,Limit Effort,Limit Velocity,Limit Lower,Limit Upper,Calibration rising,Calibration falling,Dynamics Damping,Dynamics Friction,Safety Soft Upper,Safety Soft Lower,Safety K Position,Safety K Velocity
base_link,-0.0099133,5.3328E-10,0.10063,0,0,0,5.1252,0.043723,-5.0374E-11,1.7224E-06,0.10352,3.3453E-10,0.12881,0,0,0,0,0,0,package://eva_models/revonic_eva2/meshes/base_link.STL,0.75294,0.75294,0.75294,1,0,0,0,0,0,0,package://eva_models/revonic_eva2/meshes/base_link.STL,,ChassisAssy_wExtension_2.11.2026-1;EVA2_BottomPlate_in-1;TIM781S_LiDARModuleMount-1;EVA2_ChassisSidePlate_Isogrid-1;EVA2_ChassisSidePlate_Isogrid-2;DiffBar_ChassisMount_rev2_v1-1;SuspensionAxle_ChassisRev2-1,global_coordinate_system,,,,0,0,0,0,0,0,,0,0,0,,,,,,,,,,,,
suspension_arm1,-0.027666,-0.00020215,-0.045647,0,0,0,6.5506,0.0069186,1.9465E-06,-0.00023942,0.07249,-1.4264E-07,0.07448,0,0,0,0,0,0,package://eva_models/revonic_eva2/meshes/suspension_arm1.STL,0.75294,0.75294,0.75294,1,0,0,0,0,0,0,package://eva_models/revonic_eva2/meshes/suspension_arm1.STL,,HexSuspension_ChassisAssy_v3-3;DualLinkedMSS_assy_rev2_v1-2/AK70_SuspensionnMotorHousing_DiffMount_rev2_v1-1;91854A104_Aluminum_HexNut-3;6516K128_ConnectingRod_75mm-4;91854A104_Aluminum_HexNut-4;DualLinkedMSS_assy_rev2_v1-2/AK70_Housing_SteerDrive_rev2_v1-1;DualLinkedMSS_assy_rev2_v1-6/AK70_Housing_SteerDrive_rev2_v1-1;DualLinkedMSS_assy_rev2_v1-6/AK70_SuspensionnMotorHousing_rev2_v1-1;DualLinkedMSS_assy_rev2_v1-6/AK70-10_MD80-V3.0-1;DualLinkedMSS_assy_rev2_v1-2/AK70-10_MD80-V3.0-1;59935K38_BallJoint_RodEnd-4/59935K83_Ball_Socket-1,suspension_arm1_coordinate_system,axle_suspension_axis,axle_suspension1_joint,revolute,0,0.25221,0.1325,0,0,0,base_link,0,-1,0,0,0,-3.1416,3.1416,,,,,,,,
crab_steer_assy1,-3.0486E-07,0.00028285,-0.14196,0,0,0,7.336,0.021436,9.9779E-07,1.0082E-07,0.01885,-0.0019102,0.010984,0,0,0,0,0,0,package://eva_models/revonic_eva2/meshes/crab_steer_assy1.STL,1,1,1,1,0,0,0,0,0,0,package://eva_models/revonic_eva2/meshes/crab_steer_assy1.STL,,DualLinkedMSS_assy_rev2_v1-6/AK70_MotorDrivenConnection_rev2_v1-1;DualLinkedMSS_assy_rev2_v1-6/CrabArmConnection2.2_v4-1;DualLinkedMSS_assy_rev2_v1-6/CrabArmConnection2.2_detatch_v3-1;DualLinkedMSS_assy_rev2_v1-6/HexWheel_MotorAK10_arm2.2-1;DualLinkedMSS_assy_rev2_v1-6/SideSupportBB_Cap_extended-1;DualLinkedMSS_assy_rev2_v1-6/5972K312_Ball Bearing-2;DualLinkedMSS_assy_rev2_v1-6/SideSupportBB_CarbArm2.2_v3-1;DualLinkedMSS_assy_rev2_v1-6/5972K312_Ball Bearing-1;DualLinkedMSS_assy_rev2_v1-6/AK10-9_KV60_MD80_3.0-1,crab_steer1_coordinate_system,crab_steer1_axis,crab_steer_joint1,revolute,0.44154,-8.6603E-05,-0.097654,0,0,0,suspension_arm1,0,0,-1,24.8,25.133,-3.1416,3.1416,,,0.05,0.48,,,,
drive_hex_wheel1,-1.1795E-07,-0.033892,-1.3194E-07,0,0,0,5.5281,0.024781,-8.0351E-08,9.8035E-09,0.037119,-1.3538E-07,0.024781,0,0,0,0,0,0,package://eva_models/revonic_eva2/meshes/drive_hex_wheel1.STL,1,1,1,1,0,0,0,0,0,0,package://eva_models/revonic_eva2/meshes/drive_hex_wheel1.STL,,DualLinkedMSS_assy_rev2_v1-6/HexWheel_CurvedGrousers_rig2_z5_v3-1,drive_actuator1_coordinate_system,drive_actuator1_axis,drive_act_joint1,revolute,0,0.03535,-0.23146,0,0,0,crab_steer_assy1,0,1,0,53,16.7552,-3.1416,3.1416,,,0.05,0.8,,,,
crab_steer_assy2,-3.0719131410839E-07,0.000282848562774718,-0.141958713105033,0,0,0,7.33599962756682,0.0214355158594136,9.97794165202934E-07,1.00973547076332E-07,0.0188504698946929,-0.00191018147848548,0.0109835157397389,0,0,0,0,0,0,package://eva_models/revonic_eva2/meshes/crab_steer_assy2.STL,1,1,1,1,0,0,0,0,0,0,package://eva_models/revonic_eva2/meshes/crab_steer_assy2.STL,,DualLinkedMSS_assy_rev2_v1-2/AK70_MotorDrivenConnection_rev2_v1-1;DualLinkedMSS_assy_rev2_v1-2/CrabArmConnection2.2_detatch_v3-1;DualLinkedMSS_assy_rev2_v1-2/CrabArmConnection2.2_v4-1;DualLinkedMSS_assy_rev2_v1-2/SideSupportBB_CarbArm2.2_v3-1;DualLinkedMSS_assy_rev2_v1-2/SideSupportBB_Cap_extended-1;DualLinkedMSS_assy_rev2_v1-2/5972K312_Ball Bearing-2;DualLinkedMSS_assy_rev2_v1-2/5972K312_Ball Bearing-1;DualLinkedMSS_assy_rev2_v1-2/HexWheel_MotorAK10_arm2.2-1;DualLinkedMSS_assy_rev2_v1-2/AK10-9_KV60_MD80_3.0-1,crab_steer2_coordinate_system,crab_steer2_axis,crab_steer_joint2,revolute,-0.44154,-8.6602E-05,-0.097646,0,0,0,suspension_arm1,0,0,-1,0,0,0,0,,,,,,,,
drive_hex_wheel2,1.29261894077359E-07,-0.0318919942033298,-1.20872771125491E-07,0,0,0,5.52809200361435,0.0247806555065827,1.33543234608899E-07,-9.69918329210705E-09,0.037118714202296,-8.33619548877736E-08,0.0247806606009008,0,0,0,0,0,0,package://eva_models/revonic_eva2/meshes/drive_hex_wheel2.STL,1,1,1,1,0,0,0,0,0,0,package://eva_models/revonic_eva2/meshes/drive_hex_wheel2.STL,,DualLinkedMSS_assy_rev2_v1-2/HexWheel_CurvedGrousers_rig2_z5_v3-1,drive_actuator2_coordinate_system,drive_actuator2_axis,drive_act_joint2,revolute,0,0.03335,-0.23146,0,0,0,crab_steer_assy2,0,1,0,0,0,0,0,,,,,,,,
suspension_arm2,-0.027626,0.00015029,-0.045647,0,0,0,6.5506,0.0069186,1.9465E-06,-0.00023707,0.07249,1.407E-07,0.07448,0,0,0,0,0,0,package://eva_models/revonic_eva2/meshes/suspension_arm2.STL,0.75294,0.75294,0.75294,1,0,0,0,0,0,0,package://eva_models/revonic_eva2/meshes/suspension_arm2.STL,,HexSuspension_ChassisAssy_v3-1;DualLinkedMSS_assy_rev2_v1-4/AK70_SuspensionnMotorHousing_DiffMount_rev2_v1-1;DualLinkedMSS_assy_rev2_v1-5/AK70_SuspensionnMotorHousing_rev2_v1-1;DualLinkedMSS_assy_rev2_v1-5/AK70_Housing_SteerDrive_rev2_v1-1;DualLinkedMSS_assy_rev2_v1-4/AK70_Housing_SteerDrive_rev2_v1-1;91854A104_Aluminum_HexNut-1;6516K128_ConnectingRod_75mm-3;91854A104_Aluminum_HexNut-2;DualLinkedMSS_assy_rev2_v1-4/AK70-10_MD80-V3.0-1;DualLinkedMSS_assy_rev2_v1-5/AK70-10_MD80-V3.0-1;59935K38_BallJoint_RodEnd-3/59935K83_Ball_Socket-1,suspension_arm2_coordinate_system,axle_suspension_axis,axle_suspension2_joint,revolute,0,-0.25221,0.1325,0,0,0,base_link,0,-1,0,0,0,0,0,,,,,,,,
crab_steer_assy3,-2.3057E-06,-0.00028285,-0.14196,0,0,0,7.336,0.021436,1.0329E-06,-2.9313E-07,0.01885,0.0019102,0.010984,0,0,0,0,0,0,package://eva_models/revonic_eva2/meshes/crab_steer_assy3.STL,1,1,1,1,0,0,0,0,0,0,package://eva_models/revonic_eva2/meshes/crab_steer_assy3.STL,,DualLinkedMSS_assy_rev2_v1-4/AK70_MotorDrivenConnection_rev2_v1-1;DualLinkedMSS_assy_rev2_v1-4/CrabArmConnection2.2_detatch_v3-1;DualLinkedMSS_assy_rev2_v1-4/CrabArmConnection2.2_v4-1;DualLinkedMSS_assy_rev2_v1-4/SideSupportBB_CarbArm2.2_v3-1;DualLinkedMSS_assy_rev2_v1-4/SideSupportBB_Cap_extended-1;DualLinkedMSS_assy_rev2_v1-4/5972K312_Ball Bearing-2;DualLinkedMSS_assy_rev2_v1-4/5972K312_Ball Bearing-1;DualLinkedMSS_assy_rev2_v1-4/HexWheel_MotorAK10_arm2.2-1;DualLinkedMSS_assy_rev2_v1-4/AK10-9_KV60_MD80_3.0-1,crab_steer3_coordinate_system,crab_steer3_axis,crab_steer_joint3,revolute,-0.44154,8.6601E-05,-0.097646,0,0,0,suspension_arm2,0,0,-1,0,0,0,0,,,,,,,,
drive_hex_wheel3,-1.2926E-07,0.033892,-1.2087E-07,0,0,0,5.5281,0.024781,1.3354E-07,9.6993E-09,0.037119,8.3359E-08,0.024781,0,0,0,0,0,0,package://eva_models/revonic_eva2/meshes/drive_hex_wheel3.STL,1,1,1,1,0,0,0,0,0,0,package://eva_models/revonic_eva2/meshes/drive_hex_wheel3.STL,,DualLinkedMSS_assy_rev2_v1-4/HexWheel_CurvedGrousers_rig2_z5_v3-1,drive_actuator3_coordinate_system,drive_actuator3_axis,drive_act_joint3,revolute,0,-0.03535,-0.23146,0,0,0,crab_steer_assy3,0,-1,0,0,0,0,0,,,,,,,,
crab_steer_assy4,-2.3050013717163E-06,-0.000282849251066475,-0.141958713272035,0,0,0,7.33599961716569,0.0214355158064923,1.03291244213142E-06,-2.93012834555163E-07,0.0188504698548001,0.00191018146416809,0.0109835157500319,0,0,0,0,0,0,package://eva_models/revonic_eva2/meshes/crab_steer_assy4.STL,1,1,1,1,0,0,0,0,0,0,package://eva_models/revonic_eva2/meshes/crab_steer_assy4.STL,,DualLinkedMSS_assy_rev2_v1-5/AK70_MotorDrivenConnection_rev2_v1-1;DualLinkedMSS_assy_rev2_v1-5/CrabArmConnection2.2_detatch_v3-1;DualLinkedMSS_assy_rev2_v1-5/CrabArmConnection2.2_v4-1;DualLinkedMSS_assy_rev2_v1-5/SideSupportBB_CarbArm2.2_v3-1;DualLinkedMSS_assy_rev2_v1-5/SideSupportBB_Cap_extended-1;DualLinkedMSS_assy_rev2_v1-5/5972K312_Ball Bearing-2;DualLinkedMSS_assy_rev2_v1-5/5972K312_Ball Bearing-1;DualLinkedMSS_assy_rev2_v1-5/HexWheel_MotorAK10_arm2.2-1;DualLinkedMSS_assy_rev2_v1-5/AK10-9_KV60_MD80_3.0-1,crab_steer4_coordinate_system,crab_steer4_axis,crab_steer_joint4,revolute,0.44154,-8.6602E-05,-0.097654,0,0,0,suspension_arm2,0,0,-1,0,0,0,0,,,,,,,,
drive_hex_wheel4,1.507873859663E-07,0.0338919942040705,-9.26392351718874E-08,0,0,0,5.52809200361437,0.0247806651971415,-1.15749404360795E-07,-7.0380406386449E-09,0.0371187142022961,1.06700920302874E-07,0.024780650910342,0,0,0,0,0,0,package://eva_models/revonic_eva2/meshes/drive_hex_wheel4.STL,1,1,1,1,0,0,0,0,0,0,package://eva_models/revonic_eva2/meshes/drive_hex_wheel4.STL,,DualLinkedMSS_assy_rev2_v1-5/HexWheel_CurvedGrousers_rig2_z5_v3-1,drive_actuator4_coordinate_system,drive_actuator4_axis,drive_act_joint4,revolute,0,-0.03535,-0.23146,0,0,0,crab_steer_assy4,0,-1,0,0,0,0,0,,,,,,,,
differential_bar,0.010288,6.6138E-09,0.044354,0,0,0,0.76629,0.013025,4.1952E-10,1.2868E-06,0.00070628,-1.8927E-11,0.012413,0,0,0,0,0,0,package://eva_models/revonic_eva2/meshes/differential_bar.STL,0.79216,0.81961,0.93333,1,0,0,0,0,0,0,package://eva_models/revonic_eva2/meshes/differential_bar.STL,,DiffBar_FullPLAStructure_rev2_v1-1;5905K545_Needle-Roller Bearing-1;6516K128_ConnectingRod_75mm-2;91854A104_Aluminum_HexNut-8;91854A104_Aluminum_HexNut-7;6516K128_ConnectingRod_75mm-1;91854A104_Aluminum_HexNut-6;91854A104_Aluminum_HexNut-5;59935K38_BallJoint_RodEnd-1/59935K83_Ball_Socket-1;59935K38_BallJoint_RodEnd-2/59935K83_Ball_Socket-1,differential_bar_coordinate_system,axle_differential_axis,differential_bar_axis,revolute,-0.3461,0,0.1325,0,0,0,base_link,-1,0,0,0,0,-1.5708,1.5708,,,,,,,,
differential_connection_virt1_rodend1,-1.8095190798928E-05,0.000256559158545555,-0.0119432766155368,0,0,0,0.00295673584796962,7.21226540434737E-07,-7.417073499193E-10,-9.47003238443819E-10,6.60772755396745E-07,1.2341956803659E-08,8.73411754001956E-08,0,0,0,0,0,0,package://eva_models/revonic_eva2/meshes/differential_connection_virt1_rodend1.STL,0.792156862745098,0.819607843137255,0.933333333333333,1,0,0,0,0,0,0,package://eva_models/revonic_eva2/meshes/differential_connection_virt1_rodend1.STL,,59935K38_BallJoint_RodEnd-1/59935K83_Rod_End-1,differential_connection2_rodend1_coordinate_system,diff_connection2_balljoint_rev1_axis,differential_connection1_joint1,revolute,0.01025,0.25,0.1,0,0,0,differential_bar,-1,0,0,0,0,-1.5708,1.5708,,,,,,,,
differential_connection_virt2_rodend1,-1.8095190798928E-05,0.000256559158545555,-0.0119432766155368,0,0,0,0.00295673584796962,7.21226540434737E-07,-7.417073499193E-10,-9.47003238443818E-10,6.60772755396745E-07,1.2341956803659E-08,8.73411754001956E-08,0,0,0,0,0,0,package://eva_models/revonic_eva2/meshes/differential_connection_virt2_rodend1.STL,0.792156862745098,0.819607843137255,0.933333333333333,1,0,0,0,0,0,0,package://eva_models/revonic_eva2/meshes/differential_connection_virt2_rodend1.STL,,59935K38_BallJoint_RodEnd-1/59935K83_Rod_End-1,differential_connection2_rodend2_coordinate_system,diff_connection2_balljoint_rev2_axis,differential_connection1_joint2,revolute,0,0,0,0,0,0,differential_connection_virt1_rodend1,-1,0,0,0,0,-1.5708,1.5708,,,,,,,,
differential_connection_rodend1,-6.11318886869494E-05,0.000880232537741832,-0.0407631225002599,0,0,0,0.0130890092288472,4.21790054703516E-06,-6.39807921897711E-10,-5.65654759306341E-09,4.15599446129717E-06,7.99943330444395E-08,4.58692639265557E-07,0,0,0,0,0,0,package://eva_models/revonic_eva2/meshes/differential_connection_rodend1.STL,0.792156862745098,0.819607843137255,0.933333333333333,1,0,0,0,0,0,0,package://eva_models/revonic_eva2/meshes/differential_connection_rodend1.STL,,59935K38_BallJoint_RodEnd-1/59935K83_Rod_End-1;DiffBar-Suspension_ConnectionPiece_rev2_v1-1,differential_connection2_rodend3_coordinate_system,diff_connection2_balljoint_rev3_axis,differential_connection1_joint3,revolute,0,0,0,0,0,0,differential_connection_virt2_rodend1,0,0,-1,0,0,-1.5708,1.5708,,,,,,,,
differential_connection_virt1_rodend2,1.6586029561616E-05,-0.000257984029574776,0.0119433090701106,0,0,0,0.00295673952947485,6.61059761931097E-07,1.37255937782408E-09,-7.86848168132231E-10,7.20914339838891E-07,1.3659961227637E-08,8.73695854030152E-08,0,0,0,0,0,0,package://eva_models/revonic_eva2/meshes/differential_connection_virt1_rodend2.STL,0.792156862745098,0.819607843137255,0.933333333333333,1,0,0,0,0,0,0,package://eva_models/revonic_eva2/meshes/differential_connection_virt1_rodend2.STL,,59935K38_BallJoint_RodEnd-4/59935K83_Rod_End-1,differential_connection1_rodend1_coordinate_system,diff_connection1_balljoint_rev1_axis,differential_connection2_joint1,revolute,-0.00014998,0.0021259,-0.098347,0,0,0,differential_connection_rodend1,0,1,0,0,0,-1.5708,1.5708,,,,,,,,
differential_connection_virt2_rodend2,1.6586029561616E-05,-0.000257984029574776,0.0119433090701106,0,0,0,0.00295673952947485,6.61059761931097E-07,1.37255937782408E-09,-7.86848168132231E-10,7.20914339838891E-07,1.3659961227637E-08,8.73695854030152E-08,0,0,0,0,0,0,package://eva_models/revonic_eva2/meshes/differential_connection_virt2_rodend2.STL,0.792156862745098,0.819607843137255,0.933333333333333,1,0,0,0,0,0,0,package://eva_models/revonic_eva2/meshes/differential_connection_virt2_rodend2.STL,,59935K38_BallJoint_RodEnd-4/59935K83_Rod_End-1,differential_connection1_rodend2_coordinate_system,diff_connection1_balljoint_rev2_axis,differential_connection2_joint2,revolute,0,0,0,0,0,0,differential_connection_virt1_rodend2,-1,0,0,0,0,-1.5708,1.5708,,,,,,,,
differential_connection_rodend2,1.6586029561616E-05,-0.000257984029574776,0.0119433090701106,0,0,0,0.00295673952947485,6.61059761931097E-07,1.37255937782408E-09,-7.86848168132231E-10,7.20914339838891E-07,1.3659961227637E-08,8.73695854030152E-08,0,0,0,0,0,0,package://eva_models/revonic_eva2/meshes/differential_connection_rodend2.STL,0.792156862745098,0.819607843137255,0.933333333333333,1,0,0,0,0,0,0,package://eva_models/revonic_eva2/meshes/differential_connection_rodend2.STL,,59935K38_BallJoint_RodEnd-4/59935K83_Rod_End-1,differential_connection1_rodend3_coordinate_system,diff_connection1_balljoint_rev3_axis,differential_connection2_joint3,revolute,0,0,0,0,0,0,differential_connection_virt2_rodend2,0,0,-1,0,0,-1.5708,1.5708,,,,,,,,
differential_connection_virt1_rodend3,-1.8302E-05,-0.00025656,-0.011943,0,0,0,0.0029567,7.2118E-07,-1.8923E-09,-9.6112E-10,6.6082E-07,-1.2338E-08,8.7341E-08,0,0,0,0,0,0,package://eva_models/revonic_eva2/meshes/differential_connection_virt1_rodend3.STL,0.79216,0.81961,0.93333,1,0,0,0,0,0,0,package://eva_models/revonic_eva2/meshes/differential_connection_virt1_rodend3.STL,,59935K38_BallJoint_RodEnd-2/59935K83_Rod_End-1,differential_connection3_rodend1_coordinate_system,diff_connection3_balljoint_rev1_axis,differential_connection3_joint1,revolute,0.01025,-0.25,0.1,0,0,0,differential_bar,-1,0,0,0,0,-1.5708,1.5708,,,,,,,,
differential_connection_virt2_rodend3,-1.83024498982554E-05,-0.000256556754834769,-0.0119432783863921,0,0,0,0.00295673626384774,7.21177838777678E-07,-1.89233651064902E-09,-9.61117601434979E-10,6.608216160658E-07,-1.23383102642492E-08,8.73412162454636E-08,0,0,0,0,0,0,package://eva_models/revonic_eva2/meshes/differential_connection_virt2_rodend3.STL,0.792156862745098,0.819607843137255,0.933333333333333,1,0,0,0,0,0,0,package://eva_models/revonic_eva2/meshes/differential_connection_virt2_rodend3.STL,,59935K38_BallJoint_RodEnd-2/59935K83_Rod_End-1,differential_connection3_rodend2_coordinate_system,diff_connection3_balljoint_rev2_axis,differential_connection3_joint2,revolute,0,0,0,0,0,0,differential_connection_virt1_rodend3,-1,0,0,0,0,-1.5708,1.5708,,,,,,,,
differential_connection_rodend3,-6.3302E-05,-0.00088051,-0.040763,0,0,0,0.013089,4.2179E-06,-1.9975E-09,-5.7578E-09,4.156E-06,-8.0002E-08,4.5869E-07,0,0,0,0,0,0,package://eva_models/revonic_eva2/meshes/differential_connection_rodend3.STL,0.79216,0.81961,0.93333,1,0,0,0,0,0,0,package://eva_models/revonic_eva2/meshes/differential_connection_rodend3.STL,,59935K38_BallJoint_RodEnd-2/59935K83_Rod_End-1;DiffBar-Suspension_ConnectionPiece_rev2_v1-2,differential_connection3_rodend3_coordinate_system,diff_connection3_balljoint_rev3_axis,differential_connection3_joint3,revolute,0,0,0,0,0,0,differential_connection_virt2_rodend3,0,0,-1,0,0,-1.5708,1.5708,,,,,,,,
differential_connection_virt1_rodend4,1.65990020765117E-05,0.000258492328237325,0.0119435262828372,0,0,0,0.0029567186402136,6.62102362874624E-07,7.96084649817283E-09,-9.94583018403802E-10,7.19857349192635E-07,-1.37371542188793E-08,8.73706672317548E-08,0,0,0,0,0,0,package://eva_models/revonic_eva2/meshes/differential_connection_virt1_rodend4.STL,0.792156862745098,0.819607843137255,0.933333333333333,1,0,0,0,0,0,0,package://eva_models/revonic_eva2/meshes/differential_connection_virt1_rodend4.STL,,59935K38_BallJoint_RodEnd-3/59935K83_Rod_End-1,differential_connection4_rodend1_coordinate_system,diff_connection4_balljoint_rev1_axis,differential_connection4_joint1,revolute,-0.00014998,-0.0021259,-0.098347,0,0,0,differential_connection_rodend3,0,1,0,0,0,-1.5708,1.5708,,,,,,,,
differential_connection_virt2_rodend4,1.6599E-05,0.00025849,0.011944,0,0,0,0.0029567,6.621E-07,7.9608E-09,-9.9458E-10,7.1986E-07,-1.3737E-08,8.7371E-08,0,0,0,0,0,0,package://eva_models/revonic_eva2/meshes/differential_connection_virt2_rodend4.STL,0.79216,0.81961,0.93333,1,0,0,0,0,0,0,package://eva_models/revonic_eva2/meshes/differential_connection_virt2_rodend4.STL,,59935K38_BallJoint_RodEnd-3/59935K83_Rod_End-1,differential_connection4_rodend2_coordinate_system,diff_connection4_balljoint_rev2_axis,differential_connection4_joint2,revolute,0,0,0,0,0,0,differential_connection_virt1_rodend4,-1,0,0,0,0,-1.5708,1.5708,,,,,,,,
differential_connection_rodend4,1.6599E-05,0.00025849,0.011944,0,0,0,0.0029567,6.621E-07,7.9608E-09,-9.9458E-10,7.1986E-07,-1.3737E-08,8.7371E-08,0,0,0,0,0,0,package://eva_models/revonic_eva2/meshes/differential_connection_rodend4.STL,0.79216,0.81961,0.93333,1,0,0,0,0,0,0,package://eva_models/revonic_eva2/meshes/differential_connection_rodend4.STL,,59935K38_BallJoint_RodEnd-3/59935K83_Rod_End-1,differential_connection4_rodend3_coordinate_system,diff_connection4_balljoint_rev3_axis,differential_connection4_joint3,revolute,0,0,0,0,0,0,differential_connection_virt2_rodend4,0,0,-1,0,0,-1.5708,1.5708,,,,,,,,
